,0
0,29.71619176152636
1,328.5249513381667
2,456.39114161183596
3,1029.3391135785537
4,-434.2509737221676
5,-246.44249100373935
6,-137.18364175323958
7,-918.2065713482965
8,811.8523323031334
9,1493.7217636563219
10,271.97061241794523
11,1443.3884086262433
12,-178.54016523460012
13,0.03993363972585939
14,457.475690167596
15,-373.3315682723762
16,1878.1425614816992
17,-557.8805599367917
18,546.8667716171464
19,-67.96998005966574
20,-1550.8780173556218
21,-4976.322680527513
22,-1148.1525606278046
23,-658.0222459719138
24,-1460.4516188107038
25,-151.43774617752413
26,232.5160646927196
27,638.195689233418
28,346.0785147543363
29,-515.9510339261751
30,335.5195925503432
31,201.89277946711246
32,-236.41435116660006
33,1826.9182910836528
34,624.2853816916954
35,653.5567253758436
36,-11384.974284031066
37,-3515.7836389943513
38,1253.851113986869
39,-242.350326132055
40,103.29878793175756
41,-458.6399630701894
42,175.4197129433929
43,1342.8469154580373
44,-192.42939609164097
45,-768.2903161415272
46,-12576.768510891337
47,92993.5767448183
48,6122.502980565522
49,-39511.94618964631
50,-4126.945076022784
51,11317.41349750315
52,-8132.407678497308
53,7292.948030287924
54,-207078.45761515282
55,5050.893123721325
56,-3084.1379584120705
57,-7878.252295519784
58,-3049.7555336130813
59,-15173.77092272597
60,-67642.9074754345
61,7089.169822196601
62,4764.077664610939
63,-682.6011544691946
64,-1259.51660109854
65,4090.3101501296674
66,-37795.30062320934
67,932.1123714933119
68,-15146.718862298547
69,-3817.9867931595404
70,-38134.6155802614
71,1588.4917989401474
72,-3718.5837877243775
73,675.216007165144
74,18.19092440571913
75,-374.2858482357981
76,-5533.215347831544
77,-2499.1700647732364
78,-584.2934307708363
79,-236.9317563554817
80,-3036.76841902513
81,-808.0315885323292
82,-3090.787917701512
83,-6080.896381960208
84,1306.7089388557151
85,2118.2620258958264
86,1271.6990821915476
87,5335.3422651242345
88,8957.81186407101
89,-1035.0644424459394
90,-162.23503859935602
91,659.3346826875961
92,-282.62337144642015
93,2330.859744081369
94,-425.6888734067436
95,1373.6317668322508
96,539.767512160807
97,-1097.5323636583503
98,-1541.1162861289597
99,2262.1471141778297
100,-323.3628511083424
101,-2883.697515423523
102,483.1244849998288
103,-619.0764618460992
104,3240.4780046540636
105,1098.9024560984435
106,-1450.787740275191
107,929.5401182917956
108,2519.670482935602
109,2905.9169239202006
110,2059.1310100957544
111,-520.7848606602554
112,589.0233033351001
113,24.156228260045296
114,752.8053420073157
115,-77.992288073862
116,-6869.717421781348
117,352.949613511543
118,1630.0099883054286
119,702.5788368328772
120,1629.5164336671812
121,-472.69567542036043
122,4378.8354620495675
123,-4747.409901778458
124,419.56891453190855
125,-1668.1811162191302
126,-3733.014635954181
127,-2247.9126880964095
128,-1218.9733590111323
129,963.5155426554924
130,-3434.4737207951744
131,11954.869495902458
132,886.1369532775626
133,-392.8379574195614
134,551.7861502802346
135,602.3781434620442
136,-764.4342813946686
137,-1352.2353666545641
138,1609.6260058949033
139,2637.6042498705433
140,10442.613913049845
141,1574.8264813736712
142,1046.9100270990411
143,-30454.187737029843
144,1866.2079438569901
145,8079.489322419686
146,1510.297287421864
147,-215.75028121216718
148,997.1770184447623
149,12120.646460081158
150,-971.4882252867455
151,-301.0138813817764
152,468.3559629445761
153,-313.1919000299356
154,387.6478487632579
155,476.5218272862927
156,-11.035180207812118
157,-2999.4733620280326
158,-7841.237148474453
159,421.85386678451556
160,-240.18144702791562
161,-437.858751941411
162,432.1591524389797
163,480.21079607185595
164,-714.603027151347
165,-644.8414336726543
166,-10.509044647082462
167,485.0881815052436
168,1099.7424826890929
169,-7244.622622662784
170,544.3892278475641
171,1392.6348557230033
172,179.3006421557688
173,376.8570489369262
174,-246.22388670873323
175,402.1882197623497
176,159.15967064026745
177,-5209.740768590538
178,140.0665776686228
179,6.926161957598083
180,451.18028362433154
181,24.03047627822849
182,118.2933672284466
183,287.21782814763105
184,20.242124394798367
185,197.06312429654542
186,24.16047209943322
187,-710.7376891467595
188,113.77948957628658
189,-91.31534294428374
190,361.0531060690667
191,-2399.227006486835
192,6.652302119824554
193,301.0056847447995
194,191.64264321449224
195,422.1612396654907
196,-69.1186698557772
197,434.3409875990946
198,-3.785744992338593
199,-45.06844772723366
200,190.3683496772058
201,201.97957556788137
202,1539.4372128039295
203,837.3026856412649
204,-1404.9610318134407
205,263.09520677264214
206,-568.8611274265282
207,499.17941122334327
208,7134.499375739799
209,-325.95504311723874
210,18.601441351868743
211,-378.20695939358586
212,-5.979197594342139
213,-179.94785044820827
214,-983.7526392551888
215,-1509.3723480368521
216,461.8947807675928
217,-265.08996994660754
218,777.6191491347474
219,1133.771813794121
220,-2314.98774748238
221,1831.4726326544853
222,954.3927094631603
223,277.79105732337257
224,-949.9347869009305
225,638.1160683042425
226,-151.57909264633963
227,2784.087218676417
228,168.7103943493502
229,139.71561588523747
230,1644.8319459597603
231,-27.444474752438325
232,1974.6118187606335
233,314.4775430789987
234,512.6786401769386
235,-25.523983971027818
236,1768.565717136538
237,99.77461756267212
238,-199.99419443091682
239,-553.856413737981
240,70.8200626976589
241,129.125345664311
242,-982.7259218569197
243,58.60929688690361
244,378.26876064853707
245,71.74939740453226
246,12.21798946569676
247,251.2928938719396
248,36.89226451190189
249,373.3589407311449
250,160.53521879999346
251,309.6285968236415
252,-327.7190729837206
253,164.09583765026554
254,167.30957991814438
255,-55.71850260522743
256,376.14411752147265
257,-65.09212960965806
258,2447.715998443414
259,-23063.490880535464
260,-2910.785895948752
261,777.0517002548742
262,35.828668787918176
263,251.49969533882663
264,132.6953764469089
265,8750.647646087695
266,57.11547875715257
267,150.49158474672151
268,-4573.596832344891
269,-1231.744865993745
270,80.50122865244748
271,-418.9127384125213
272,1235.802106697836
273,-346.3488069589343
274,-242.44182204984844
275,241.13967859081157
276,-738.3752604060021
277,894.7673678441166
278,-156.87182140106881
279,149.35105478040157
280,-4.869999598971077
281,1598.533679508635
282,-218.12863146126836
283,-450.95232498265693
284,1573.5195593490641
285,-129.08844556427533
286,57.836722201644086
287,-330.97810292222977
288,-71.10662415158794
289,-2454.904054641835
290,-340.45729431344853
291,521.4401398861756
292,509.97924500192096
293,2744.2611449478404
294,6308.493913155355
295,-329.36905448014215
296,66.95332650411964
297,777.7829519772864
298,1069.9300584326993
299,-442.2855471406149
300,-31.42701088589655
301,705.7143312285234
302,1047.173282672305
303,294.3797421296273
304,-2012.6092808304934
305,-140.65614035681594
306,-17.78970000063805
307,280.1042634083639
308,-327.74593309979565
309,-8553.785986323439
310,8329.034167755184
311,-559.5683242528364
312,546.2217530254009
313,1460.257989722343
314,-178.97865378753357
315,122.36569100503925
316,-1516.8703302966421
317,-6279.679014135647
318,9810.73434565998
319,-18854.83693971174
320,103.27614791868912
321,498.29464142130564
322,3998.984061844341
323,12499.092655541062
324,3795.3894834155753
325,1681.3517751534062
326,2484.415821872092
327,-5960.144622850659
328,2727.0789566294293
329,-18159.796093732315
330,2474.964744415725
331,39651.494625044645
332,-51714.16478678776
333,-356989.55366449326
334,15033.725900392816
335,-11993.311360462136
336,-13567.906274783694
337,19849.76322521967
338,10500.3397509674
339,-9256.241874206076
340,-2178.7293451667542
341,-4407.539295098197
342,-7253.888637980549
343,-10591.000025920946
344,3374.294865027521
345,4909.046743778462
346,1340.731622194255
347,-8979.594899950824
348,-6460.2242940957585
349,-398.5743035435536
350,989.5179232106717
351,2302.782327285858
352,1016.3776820328444
353,-2832.2720437820994
354,2263.453723697796
355,1589.078933264718
356,-1282.894049798
357,-1413.4008379845775
358,-144.63181350834873
359,184.24259579491718
360,-558.3303367299594
361,7424.881608536164
362,974.0959179549197
363,4488.529737405937
364,-564.8082396916072
365,2842.9966091889746
366,1122.9421067980488
367,14114.244451304103
368,-6849.273162352033
369,514.4408804132709
370,-1045.974948722893
371,-2477.8741107479104
372,8.807650117948398
373,-2555.7089305916256
374,610.0440247211376
375,640.6942246200261
376,-1082.031586393461
377,1711.3339383995378
378,138.6341995405095
379,1156.7733000380413
380,-3806.7560782802666
381,392.2279626068675
382,165.18083882902963
383,-64.89381368253265
384,-540.7138710682472
385,-1184.1812619648415
386,-1365.912574401714
387,676.5159600982836
388,-1355.846281916212
389,602.5305685195011
390,251.63980173033403
391,-1441.7807172863745
392,-817.4679040937449
393,-265.6065078962461
394,1834.3215732233355
395,507.2888233950192
396,774.5259331920681
397,-114.81873677382484
398,39.459892391245575
399,1346.3769648479197
400,-1897.6847211750066
401,-4153.454079729712
402,-3534.6600985327627
403,1273.577105932987
404,4710.716524234426
405,2465.310832687459
406,7877.302597787816
407,-1676.943934934338
408,-770.1615067440551
409,-118.24645206440289
410,-617.8827867378518
411,-1423.1505531683163
412,-3497.734025286077
413,-4048.931522171244
414,35.05446191307129
415,-2130.363510077048
416,709.9001225241116
417,425.54653135774834
418,16436.62725334432
419,334.2645463934624
420,13057.797876060564
421,-11365.560002446395
422,-460.86277476883686
423,-381.5765796486267
424,1797.1092655886089
425,2875.76719425048
426,-715.7904913652854
427,1975.6751597618659
428,1563.7470954678313
429,620.6269101739023
430,408.019044648237
431,414.18967399510217
432,207.7843833164822
433,211.9144789567472
434,4262.414334542126
435,351.3369344056763
436,-468.1715854913149
437,98.18396984908291
438,-407.33760011021695
439,80.14369803423558
440,1244.2544375842172
441,772.6644726143106
442,-47.05631761576183
443,286.761191275451
444,811.0301459891847
445,108.4184212448059
446,152.3454730983337
447,321.8509043292704
448,-133.88778190151268
449,-540.0549363729159
450,548.0067696152094
451,494.07526950429656
452,-51.994349212729475
453,575.7523058820191
454,25.78303770683314
455,-370.90777299150466
456,1122.748638138253
457,-466.0518557484744
458,-11.462654393376354
459,130.9151837653642
460,-201.5718401894688
461,1630.0177243053122
462,75.72176433097619
463,-432.2324516238109
464,538.2369802155105
465,163.84521662340754
466,671.8120914386607
467,183.02768622842103
468,-1495.741018504873
469,764.959866593053
470,-52.30277807927516
471,4008.668925726211
472,662.5994897328644
473,251.1340446329434
474,1004.855158727265
475,185.75841737530806
476,37.94823377625535
477,703.1435780025645
478,499.11750196380643
479,146.21900173777948
480,63.97725929648251
481,-1326.2900506407664
482,-403.32471435919086
483,1011.2256641720251
484,-112.12907794879956
485,-6040.360014658004
486,-31.739225574356624
487,129.87092683884964
488,-79.26821656836222
489,166.52690661367515
490,242.6268869854901
491,499.2444435760775
492,-542.1086963026045
493,236.1527403184614
494,1255.6885259007586
495,-915.5773778340417
496,537.4376489872491
497,-299.25536136167597
498,363.3514380050907
499,-1338.2455601185163
500,-222.38139657731563
501,189.58050156954
502,301.5908675196348
503,121.9867283915327
504,-99.23255389048686
505,45.52149592956002
506,-432.4578616599691
507,-360.0829432249693
508,-208.21313736389988
509,-111.15878885026865
510,484.7191185719113
511,-207.00421296982216
512,49.41479724827429
513,125.8765765563262
514,428.3125331090973
515,79.31801641831939
516,-49.93306072610733
517,-2662.321071212944
518,220.0307083933373
519,6329.53554007036
520,149.4960493669588
521,-94.34206840872685
522,375.7460322779188
523,-331.4469307738217
524,-34.013374754249384
525,48.72759999722358
526,-7.451768771889931
527,54.415829043735606
528,-1357.0397519942605
529,53.33485256567636
530,-13238.023651541389
531,1768.4754343615339
532,355.6942281651312
533,322.0666511973878
534,140.8726076286738
535,1062.984400443273
536,8.628758042881103
537,3142.164918036132
538,-6265.620618919235
539,46.74451574240472
540,493.65077966573074
541,-400.72775901617587
542,-1004.1848078302512
543,82.77993744275857
544,-359.58047607181464
545,291.06424515078123
546,118.2917921872633
547,75.23979700423212
548,171.69415539403423
549,1056.6176621760915
550,453.2827932451135
551,-727.9857143275052
552,-12.702974446987156
553,-114.88236694106271
554,1763.2099336970007
555,417.9161687573372
556,111.53980854606719
557,-285.0168624278582
558,-580.3654721223804
559,135.96116661423727
560,-49.32603548254582
561,-453.18575172368094
562,-678.8393602201232
563,-1088.1394440027623
564,25.63258479948584
565,2742.7309756760415
566,-186.11870129200145
567,580.8571574254512
568,179.4036719351808
569,-97.16093643338658
570,482.3790583806777
571,-2071.091100057282
572,-1189.4637517071117
573,-834.5293840719756
574,-4918.510792025556
575,-727.0963503281486
576,-75.39651013300602
577,5231.750770382734
578,-193.58015537335672
579,9.46819799472135
580,-118.32554990782339
581,462.41979376532623
582,455.6508837954749
583,1618.2315759192625
584,176.85770280543034
585,198.49650696080028
586,775.1137123883351
587,-191.3300923245189
588,3646.2218086601906
589,610.7225375270267
590,-572.0402077639362
591,4495.214655362344
592,-3050.1416976827736
593,-199.82041370801176
594,-942.1722018143
595,102.86477249539064
596,6043.17591229765
597,-176.91133627321938
598,-3548.0314483709753
599,10051.57429821415
600,669.4209303290717
601,15635.027605973164
602,8178.813834087115
603,2067.6535436131367
604,36051.23136652504
605,776.6133638917539
606,-3656.7705884393417
607,67.0853511581874
608,602.4179577675825
609,-156.78114149631205
610,209.04568758661537
611,4741.072938421426
612,-10262.236510069193
613,-537.939120904479
614,-478.43823097861707
615,-38040.806060825875
616,-1570.0398523747815
617,595.8290630322635
618,-137.26391221695553
619,-15558.007701405688
620,2612.23838241665
621,-250.35045812715452
622,238.44626289945026
623,-5973.547316845657
624,-55.90878712129813
625,10370.96272547044
626,-5139.011830339756
627,-7995.401412662504
628,4089.097822318032
629,75998.20649316003
630,-1403.9464406865652
631,-93990.59496193881
632,-50533.90470379385
633,-1456.639722646676
634,-2298.8107493638504
635,-482.5693661319741
636,-1196.506973990221
637,-394.70515227210126
638,3412.487107368426
639,1628.7092508641617
640,805.0999385815878
641,983.8608839725788
642,-571.2083714372728
643,3543.1169441391035
644,3122.946609911486
645,1963.436882926117
646,3543.281160370633
647,-21917.452402842857
648,7578.113049981663
649,-22341.055716165574
650,1802.872827268763
651,-36.74501030928815
652,-296.0248227461115
653,-585.985436454931
654,1862.6408180933972
655,-828.3268964723109
656,246.18702370714053
657,744.7028384441286
658,-693.6525685241674
659,513.2368234573462
660,56.529815490118835
661,-49.82689864124944
662,-1144.8143928386569
663,595.2418695358742
664,-89.61846362304911
665,-2790.527032816324
666,796.0842007202987
667,-45.87876613131431
668,276.11799944958045
669,1062.111770319564
670,-829.5475271908477
671,1185.9199215472763
672,524.0417226168689
673,1393.7504386843318
674,-22.05032057410648
675,2290.787938406137
676,-119.32844841789998
677,-199.38414990074142
678,1543.7379992978174
679,5291.509368935711
680,416.6293829381486
681,-5782.584836865765
682,-2232.644203225963
683,-36449.87652904572
684,-4146.316997875893
685,22443.23748786404
686,-5577.843296294952
687,-366.4294353452335
688,1319.3696515568372
689,1334.5185325633042
690,-1797.5840170997803
691,5672.903466109861
692,5621.838872356634
693,1348.9633614728189
694,942.969850324931
695,-2135.592791270603
696,-242.96674620097247
697,2416.6555101664994
698,4624.574920465064
699,-2061.1698728209744
700,-8824.511214458396
701,-702.3951474919043
702,-459.6646720959311
703,-127.12098864548179
704,-6679.139393971961
705,808.5884772654024
706,7907.747841280672
707,-2119.5181731457965
708,-1323.2662198144044
709,2925.573184293473
710,965.5150191651227
711,668.6806911479648
712,-203.59358660164133
713,1190.6778250835364
714,474.4354710899956
715,-325.5376588993563
716,4559.016301161424
717,-377.07314605268635
718,296.96150582724255
719,1318.2192974571858
720,-187.57229852315146
721,1901.7017781116408
722,4800.753142415089
723,369.41382564664957
724,643.3321347771931
725,417.0362539518075
726,354.8322632696253
727,36.748201790340715
728,123.09409476694748
729,2192.2552466128514
730,-512.1233452307862
731,-174.19479419516284
732,-1662.2277473730933
733,-394.66052896649916
734,-5807.3225004221695
735,221.10781999553893
736,66.95775197155581
737,-379.1358139682865
738,-205.3384167240318
739,352.47131699476813
740,115.08239648576588
741,42.485122119697216
742,116.62642873663276
743,318.81625634960017
744,-569.2068638944722
745,330.80579193449324
746,250.97649879682635
747,72.56251179033211
748,136.4554978563089
749,231.10767221463215
750,281.10718998481127
751,-27.849231707408222
752,155.70444901407575
753,79.66045357165638
754,91.26704305916469
755,-80.72525465025191
756,278.1935353848383
757,-759.8944658161795
758,-526.395616569254
759,88.77103739024393
760,190.76610715948283
761,-45.96279347746727
762,172.84380222637296
763,344.48124634516887
764,1282.1302755591623
765,-93.87614323497772
766,-28.941567104391567
767,-126.31394869356507
768,-4.5193900491585595
769,-62.72850852894217
770,103.2595706641904
771,197.6839810562016
772,494.3907282370184
773,488.96584463341213
774,-178.872359945921
775,-182.01928140418642
776,304.5377631329639
777,-1908.997700253753
778,1026.2900171845945
779,2169.4508533190537
780,120.22636512934743
781,1370.3252698996941
782,2525.6591285420473
783,333.4973397933569
784,-196.18174517836798
785,305.88025176389635
786,1730.7499705157986
787,148.68481071735684
788,305.5802539522309
789,87.21499816251928
790,334.98895460392475
791,-157.36519693530238
792,-206.91397835267014
793,-377.95797283480226
794,75.5329661236421
795,-33.59582544306397
796,92.22491933495432
797,1457.573612898765
798,960.2845410883795
799,691.947227105273
800,275.2907898110989
801,299.69878003946417
802,-449.40027654571645
803,188.7631841364912
804,-384.10660435959915
805,-19.31710547026391
806,74.77190539862573
807,-108.13045899493358
808,356.51443141959527
809,-104.09931890495008
810,178.7760314635005
811,-395.1681761689574
812,325.45522368560194
813,705.2703979319214
814,87.4859167602365
815,-385.2448503677629
816,-91.13379431074071
817,-233.53132026085166
818,201.58986057236808
819,214.72578170032693
820,431.8131924244184
821,51.08056104305373
822,86.7724815829939
823,-126.32686658572564
824,258.94708813142563
825,-99.53649134867936
826,-173.17641696600526
827,-101.20222143963775
828,239.40098396038618
829,62.41239973595364
830,297.9390843372141
831,852.9675885140688
832,-140.93477244185442
833,387.8137508880232
834,162.31783266768457
835,-1012.9750600777909
836,-412.181901311307
837,-1674.9431168401775
838,-227.85697497194707
839,310.77505709730934
840,493.1645550747554
841,122.82608000933088
842,-363.7602062868332
843,-176.20462987649955
844,214.0288984255898
845,234.63766003421577
846,430.1453986812118
847,217.27132066661568
848,284.8042010912552
849,-72.27989424777533
850,-72.38974951252024
851,1949.9957789323566
852,-580.483044095066
853,-188.20366815910916
854,231.5420754524156
855,-98.62808196514561
856,-139.52218849050863
857,303.97886517150005
858,845.8596735684295
859,-4725.144988155704
860,120.26354519586701
861,651.4289018266602
862,237.8052006157636
863,-236.57987113649887
864,341.41925804479547
865,0.961154353708551
866,142.47214962150622
867,150.01542548159472
868,37.6014326845768
869,-49.11038909679786
870,352.63449405404583
871,528.9190849637891
872,-4678.676434454575
873,-632.4764929095435
874,109.62989462753727
875,-1301.9095959098352
876,-151.85470656601385
877,-1687.5538326179587
878,1051.1580709116392
879,-9828.554492313764
880,-11.263746566675678
881,-2309.1876234205424
882,1923.1379408598805
883,-529.7496965944883
884,3829.879941706748
885,758.0361121332791
886,287.30972996410986
887,-2438.2843505923443
888,-189.2824486794118
889,0.23261835901321604
890,-519.8849760753783
891,1456.7559233319719
892,8074.746025474367
893,43360.477143526674
894,5852.541663799242
895,-1708.7096587298965
896,7866.069080009356
897,-35963.24727762146
898,64996.66587515407
899,-29817.54230330382
900,-7743.704961524865
901,16534.96032661411
902,-1590.3621476679562
903,-2048.2382235978093
904,-739.2004161693311
905,2965.278628560179
906,-2619.7790868537813
907,1341.4724160044825
908,-10552.357485399894
909,-1491.966350482805
910,5984.4194859342
911,-742.9103681925529
912,4834.556262063182
913,3458.623121498048
914,841.8590477790261
915,868.4739539523875
916,-16184.616833039823
917,6736.156148415509
918,-3247.3406455321056
919,-855.6836918643944
920,1524.3048946982212
921,5677.335472457656
922,-1837.4250126263676
923,-1133.0151630331773
924,3092.147485307256
925,-6442.960848221173
926,487.50461193008715
927,-157.55668909245253
928,-870.2362872838288
929,341.17697625230227
930,-6283.9969903549045
931,-665.559058473314
932,11977.18223578223
933,471.4259024266787
934,-3299.4186759510612
935,235.87405159262295
936,-3.3392857777444505
937,-315.1145668850922
938,469.75225531299856
939,234.09717603618355
940,23.151450582887406
941,-433.4334144905948
942,126.32776061591503
943,5476.05253051619
944,-225.8890253717434
945,21.52204044102487
946,75.8115955812653
947,1240.5942803379976
948,1202.490778338505
949,514.0519998461855
950,-82.2860716781785
951,1883.5904813523832
952,-741.6608595615871
953,2996.8762028217634
954,50.70203689103751
955,1305.6308677233433
956,4896.398082964952
957,299.28981145384
958,-627.1141399061976
959,-735.2670762518519
960,298.14637005229014
961,42.964918534870634
962,-1026.4001289697521
963,16.40986194940804
964,-3588.1778467844406
965,-35.29647437758422
966,1343.189907486764
967,-786.74848268403
968,-248.41599062221502
969,9939.411614432132
970,109.32662288415749
971,419.05088165867187
972,490.59572925983394
973,84.45815102736852
974,3279.53029599282
975,12037.67299355042
976,2941.83262455428
977,1102.151741877945
978,18.897558113390716
979,896.4753631910226
980,-2059.109294330646
981,772.4599275335427
982,-2605.833836632086
983,300.812450726121
984,1696.5041564913506
985,-78.75471320723929
986,1168.764597805832
987,-307.5767844736176
988,242.63928181195888
989,127.51716879040218
990,-27.10706544903971
991,-106.45512624542496
992,-731.0958275811613
993,7360.413276030706
994,358.1973559229773
995,488.4466842285514
996,309.14913320003313
997,190.17460768630463
998,-1246.3636117755404
999,5985.338006268578
1000,1396.7013970354576
1001,449.4579753224549
1002,-2002.0851670301663
1003,-80.44835793546605
1004,-275.2314743716301
1005,-446.7738825336004
1006,198.15886549745295
1007,164.51731279927404
1008,68.82292640704152
1009,37.452610814856094
1010,-573.0587396773919
1011,10.790621331537864
1012,123.36169980277796
1013,65.77946840402342
1014,-16.83459248404189
1015,702.7463129286493
1016,153.10951671318884
1017,157.84376995410636
1018,696.9918876953319
1019,-697.9419115753188
1020,-81.04354121300887
1021,199.37409944297906
1022,-74.64400181992835
1023,-26.871134786193934
1024,1349.59225870424
1025,82.74269578417173
1026,102.73109377786447
1027,-10.235984416976692
1028,193.1628319582622
1029,249.98034527811282
1030,-14.40437641322356
1031,-427.8705058068156
1032,92.0374556121432
1033,-1119.8615960899651
1034,142.23597448994047
1035,-335.3810589857863
1036,346.2585669387276
1037,-23.66120342435127
1038,74.00118381247005
1039,-103.75596060457397
1040,-57.78435472724493
1041,-9.292770442980242
1042,373.00705579001703
1043,-2.760204871234407
1044,-106.13920924081839
1045,-204.24278190394733
1046,12.995830176827099
1047,159.03762862400038
1048,-167.4935633395403
1049,759.1792015055279
1050,678.750279796619
1051,-6024.719225994608
1052,-172.27685481424345
1053,1437.4831171463534
1054,2317.0010149427503
1055,5892.473385651443
1056,6360.259551119079
1057,-82.22335274792724
1058,204.53539281376106
1059,511.03607370564686
1060,243.08838945200432
1061,1704.9380391503132
1062,-89.397979304471
1063,-4139.693046949833
1064,2621.7974362607483
1065,-524.801031305497
1066,731.8477751922128
1067,58.83083794962946
1068,337.46796247045927
1069,1183.1547046658284
1070,-23.201788584433686
1071,109.6075918177963
1072,-636.494483061222
1073,588.4340563526148
1074,109.34205325139928
1075,697.3640713011247
1076,1676.7525521454397
1077,321.78215370508104
1078,-2274.335152431209
1079,450.2694236705237
1080,-3071.3475762886414
1081,173.58352029779218
1082,-403.97956435399783
1083,1904.5797135432513
1084,35.767509593912166
1085,-239.69015908753448
1086,213.60039065586432
1087,386.67106996780467
1088,215.5587653185463
1089,190.83057346161763
1090,-394.30815455663765
1091,-794.5090153298834
1092,35.02617447422924
1093,384.1446629074214
1094,-242.8842935020756
1095,241.67153263642047
1096,-216.78538241690177
1097,-103.94780438918332
1098,145.8565441352579
1099,247.62485597494418
1100,-79.13532015179919
1101,87.05622234913899
1102,232.30911095748513
1103,40.035411520400956
1104,434.3892572484475
1105,-204.02110292402045
1106,-114.51329059976487
1107,-34.76549429231579
1108,-858.4635593601674
1109,1332.0465593753015
1110,424.46630721509166
1111,-90.93665839196174
1112,-190.07017989424662
1113,13.360083999471257
1114,-162.69883068815443
1115,-277.6752252649771
1116,-1264.4588808692727
1117,106.00901384319226
1118,142.78389930075264
1119,141.64596390585254
1120,-413.6753538314513
1121,222.56135403027827
1122,-1049.2491800929904
1123,-913.90011212451
1124,849.2946454977698
1125,-80.60124118788758
1126,2400.379234136305
1127,220.09438624325313
1128,-2301.412669907603
1129,-615.8798844825088
1130,271.3062781504974
1131,-93.4149661410805
1132,-76.88862912674222
1133,1580.6343086914933
1134,-5617.369892457407
1135,-4945.813834074164
1136,-9340.463415952097
1137,-935.384738806476
1138,-203.5497798543782
1139,-533.8951005545838
1140,46.207770229151194
1141,65.5831844904348
1142,279.5107591893768
1143,83.02851147482929
1144,2165.5717194329086
1145,854.2632593207313
1146,32.732224404580194
1147,311.32766633255585
1148,251.14219652957553
1149,-1.9679138068564583
1150,170.9270389188411
1151,108.96350305116756
1152,-1709.1455553370326
1153,-17.863859342224515
1154,-23.5147402720969
1155,197.04086715925
1156,-7335.5812532687505
1157,-476.4119716716028
1158,-12.176560488740094
1159,-1274.3958800195933
1160,-1949.1468365315113
1161,47.736855226920326
1162,772.2015425859454
1163,-1382.4679279611896
1164,-2711.2685574653538
1165,1437.2195900534578
1166,318.4026912276063
1167,5423.700134349976
1168,1424.4075767536112
1169,2124.8889510015615
1170,164.68640041556506
1171,7084.295384194364
1172,-532.1414073177143
1173,2608.232000768604
1174,-2540.6368997737536
1175,-3156.013575213377
1176,-1835.8516436388352
1177,7397.4066554077635
1178,-7911.15976727022
1179,-6764.9893280183505
1180,572.7184716723573
1181,-17411.80815143518
1182,464.95044261534935
1183,-9130.19754715456
1184,3329.110434567953
1185,-647.1402691003328
1186,-35.740827353784226
1187,-6455.331471736672
1188,-909.4404126521952
1189,1596.2819877153652
1190,986.2235465419593
1191,2794.705350647481
1192,-8293.888972003235
1193,2466.7950362628276
1194,1084.239003333772
1195,3870.2113046642176
1196,-6853.547385456806
1197,-1818.4467899802978
1198,2286.278903261639
1199,-3181.6688191128846
1200,8766.020278506357
1201,-3463.319852116772
1202,9529.192031256509
1203,8595.732256072539
1204,91.83105443310204
1205,946.7118227869469
1206,-971.6342900690818
1207,-376.0052650126585
1208,-1517.8240990915629
1209,-982.7606533010758
1210,-297.1501573423698
1211,456.76836927250065
1212,-14114.389896869576
1213,-1382.0592465393777
1214,-1190.6640645151901
1215,103.62106520168913
1216,-3659.175580768623
1217,1438.7289736669227
1218,-265.92128593042264
1219,621.6385040929415
1220,-7155.883702322326
1221,-744.57660916512
1222,-2502.6311724966545
1223,-14996.065242323035
1224,573.3094545701784
1225,-838.7115539204625
1226,-2610.474647370337
1227,804.2847449850863
1228,1247.794947963401
1229,-4460.776356417135
1230,1275.8803156841996
1231,564.7165244565525
1232,-292.6413776570804
1233,-81.43761344609811
1234,-255.80221416803863
1235,-713.2932755537691
1236,-1773.1616747626517
1237,1310.445220034373
1238,897.2531005010109
1239,153.06984411615068
1240,483.00527704212357
1241,-118.00576912947548
1242,1088.6286570678776
1243,873.64343862977
1244,849.8484245168407
1245,96.95769280719013
1246,441.61390481023415
1247,4985.53806013022
1248,-12663.424152194733
1249,954.7543872863773
1250,584.4215319098325
1251,-40.13128851104531
1252,-824.9766627594239
1253,4195.706581346292
1254,529.2167678440119
1255,601.3510238332152
1256,74.21403823682564
1257,835.7543431472795
1258,-1898.0496378437924
1259,-1506.064868731056
1260,-104.00211835313922
1261,-479.7432498028511
1262,-315.7139179513269
1263,51.57585757935377
1264,-225.07880187733917
1265,899.8041200752393
1266,-3900.791974482764
1267,-85.54540993389966
1268,720.6786544309314
1269,175.79147540979378
1270,174.62787422066435
1271,736.7373416915725
1272,73.87692453542412
1273,106.59055785459165
1274,317.4344303430852
1275,16.103485855159178
1276,272.8926024424956
1277,393.83894345158745
1278,359.17010457129913
1279,-291.8650097336662
1280,-2004.3424043373443
1281,313.71210211305174
1282,83.9175305451507
1283,-123.99888019071469
1284,1569.1902297054662
1285,331.1194803345442
1286,-183.08680982233517
1287,-52.716250536840334
1288,178.12705752230067
1289,-104.10879254133314
1290,-112.50932435390996
1291,-356.85861428101447
1292,1163.9024741389644
1293,78.4043348594268
1294,4741.070234944298
1295,14.974803025817394
1296,298.6938539589261
1297,390.170136933606
1298,-289.8163402611393
1299,373.6407248332469
1300,274.086751448687
1301,140.9451947525056
1302,244.1456682306392
1303,301.0530894747735
1304,36.18254734487309
1305,-578.8943642806192
1306,312.8589559786361
1307,12.823331943163069
1308,-831.4587032763084
1309,60.80001892603374
1310,1109.3313075541464
1311,507.1087823356782
1312,-955.1642770498665
1313,1531.16372726961
1314,220.42318271244682
1315,395.40055587976195
1316,117.26797314972995
1317,-1.3851738757772125
1318,119.29028827602599
1319,844.2848920657901
1320,-201.8544977577614
1321,1202.145653237687
1322,213.71678665173795
1323,210.77082386574173
1324,-212.93885460450701
1325,-5244.907062644028
1326,891.2896089244838
1327,-253.41756649037126
1328,-299.2607615290468
1329,1247.289127725136
1330,107.61587417831281
1331,-43.116243478863254
1332,153.7902998203944
1333,-5468.815251114063
1334,21.927210825583614
1335,215.47473331254378
1336,-186.47019836459708
1337,-262.0650013310417
1338,155.44481817463674
1339,121.24304484229211
1340,-1118.6093784062487
1341,238.9585459032879
1342,117.25390889678911
1343,59.46864589611806
1344,-350.01762956528546
1345,-387.4047832110727
1346,1598.8333749809037
1347,507.59259248653467
1348,163.59075444599597
1349,314.3658161270719
1350,677.1325708229989
1351,10.273047432387827
1352,118.06789961651472
1353,-11.566685523377942
1354,405.74761022627297
1355,351.82026476458816
1356,613.5435807398841
1357,-322.55168444900033
1358,-1092.0309905397821
1359,-255.17927432004728
1360,307.4075989186844
1361,-1358.1853929810363
1362,835.4377857332431
1363,-115.79009931052283
1364,-137.57423512127355
1365,542.9077443160713
1366,365.00665089428617
1367,199.61956931548139
1368,43.56575126036179
1369,486.53724035071406
1370,-427.77235384027597
1371,180.73329185658417
1372,-2.5030621047632735
1373,-52.11551524717379
1374,-633.0209904585098
1375,-48.79975402389144
1376,161.1276902078692
1377,5.756789840393111
1378,215.02327888155574
1379,-78.14766256569672
1380,13.464482175985879
1381,-8.945146446716308
1382,134.12620282456888
1383,683.2142891717953
1384,-114.38187434490632
1385,150.7551529687925
1386,928.6198156889966
1387,-894.1738961292803
1388,-36.07822138399425
1389,281.18578002478444
1390,170.32776322290186
1391,276.5653450532053
1392,-124.55711658927103
1393,320.4426783214939
1394,67.33461073123337
1395,556.1707454923425
1396,239.88289395383705
1397,-195.39130696633123
1398,363.0257406428021
1399,-183.13845056517147
1400,-42.88379387605906
1401,-383.6708329565184
1402,3630.124925124136
1403,-161.78080280773088
1404,385.6328982381932
1405,-815.8289523270106
1406,325.2372427793946
1407,361.0682686312903
1408,-468.3540562577764
1409,323.3367295381702
1410,57.898724142166266
1411,-203.04356462001113
1412,142.3782992360926
1413,-104.9864787175423
1414,-500.7959405975595
1415,-46.914773969413176
1416,118.10585145353878
1417,633.3816008565228
1418,81.08622089872466
1419,-1026.384313551465
1420,314.3702927464585
1421,-954.125317622098
1422,95.8391727365341
1423,327.0883601399461
1424,152.6713716187871
1425,-826.3823389752923
1426,-328.38229991437123
1427,-350.7500093712052
1428,-775.0772194765444
1429,952.5079294670594
1430,-258.07442684821984
1431,334.6203469648459
1432,-624.9389816773364
1433,1209.5175682189754
1434,584.037398148768
1435,233.10556266615234
1436,-2836.02138166516
1437,9580.314205167473
1438,450.5218948678797
1439,-3267.0929618876976
1440,1150.3624197168347
1441,1249.9651507910407
1442,-2206.1295199921574
1443,-9449.10309212453
1444,1793.9811569627946
1445,-91.31601335398454
1446,997.5035720984916
1447,-7612.515922637774
1448,145.85401513423787
1449,-11395.823219140519
1450,12076.639250960745
1451,7318.275835680935
1452,189.21696379598268
1453,16.314151005483694
1454,-13936.63770322061
1455,-1527.9369991226413
1456,3685.8341006153696
1457,-24523.442299116454
1458,-5949.630972995882
1459,-17052.59623521612
1460,20100.87551002226
1461,-4116.16407081623
1462,-7116.251570032209
1463,12191.659620167005
1464,486.1285557198901
1465,-627.8176487216275
1466,24651.7931624962
1467,4101.282570771898
1468,-708.6333482112227
1469,-2659.600699710634
1470,-58.21715852972545
1471,5998.084955116498
1472,17114.363393651747
1473,-839.8054821321732
1474,1560.319938162226
1475,-1761.11157162698
1476,10939.79045656985
1477,1751.462676191402
1478,-2022.6097692162684
1479,-326.2730163896168
1480,1032.0928827107682
1481,-1511.2865951897973
1482,-705.2231859250435
1483,-13146.619361584892
1484,145.09808521565802
1485,-146.94157006568415
1486,383.9219536522638
1487,-1219.9078009229875
1488,-330.14880550282584
1489,-487.4906040408797
1490,13312.967141490502
1491,1911.3028521311567
1492,-11695.230452876514
1493,-2128.3361466136407
1494,445.15949006878475
1495,562.2645777005126
1496,-227.71653036611622
1497,12.37125521964812
1498,203.82351982140054
1499,-527.7062452469071
1500,60.00208684391105
1501,431.7659590609205
1502,223.39316502530463
1503,354.81118245344464
1504,90.05130942747655
1505,4.88553191346476
1506,-565.5431087691966
1507,-8300.427773784366
1508,-272.731237689613
1509,-169.58196631849268
1510,326.07987551171306
1511,-425.6215641379439
1512,-258.2117903884395
1513,4056.7372825343377
1514,179.24575325649863
1515,-1013.6453247091472
1516,2509.717336827848
1517,11989.658470717919
1518,866.6356173560443
1519,128.20557467444826
1520,-1081.0442351395993
1521,259.982018795521
1522,-328.31802728457814
1523,574.682931262142
1524,15643.131481414568
1525,153.97863085126508
1526,1864.9591799303241
1527,-985.2507079721438
1528,-160.18093080073015
1529,949.3287347523532
1530,1561.7468900430931
1531,2023.6049527088203
1532,2717.9337137471834
1533,1669.437013208818
1534,1205.6771518001406
1535,-432.03011519313
1536,-503.4378585600597
1537,-740.966931165719
1538,-362.80679942756075
1539,11300.646730760502
1540,3656.653134247512
1541,-423.81617566288344
1542,783.7333267222226
1543,-4578.272209999625
1544,-1665.2939773681574
1545,15426.942980204067
1546,-2482.1780160205867
1547,2372.6724292655695
1548,654.578031495252
1549,588.7057541247555
1550,1074.2436408556919
1551,-351.8550593200285
1552,-687.3636239843387
1553,-529.1821963412854
1554,-167.2375923642296
1555,2117.3284809754823
1556,2307.4278168368833
1557,177.9806708560517
1558,528.9378750145579
1559,-238.03930659802097
1560,388.0778508876309
1561,-7152.939202197537
1562,-14.035391984156192
1563,-117.09070825064987
1564,-1169.4709572870345
1565,-112.35521188690836
1566,-176.81849316480566
1567,15116.130628726747
1568,79.31805398187183
1569,4130.238658096347
1570,285.90322196535726
1571,-741.5251041706493
1572,16.201219517517316
1573,814.4727586134364
1574,279.41413806108346
1575,894.759400464565
1576,257.5863363561173
1577,113.76512740630623
1578,125.99823548544339
1579,1836.8752859448944
1580,171.2839784700235
1581,-380.79564982363195
1582,-278.08930485810356
1583,-1231.0935119484914
1584,-202.4472621186883
1585,94.49704427514882
1586,164.57534052169052
1587,-440.36049349862674
1588,-20.379474428709486
1589,2113.3032339817278
1590,45.707799804578656
1591,-9518.159998340214
1592,2858.004557937075
1593,-1079.6995645285979
1594,44.98847224651137
1595,76.235005417584
1596,525.8322834908645
1597,533.5185233058862
1598,-141.8065891966251
1599,-2.774650089352363
1600,152.32594774012065
1601,1643.547450711411
1602,-2783.747566038737
1603,-1106.7464215531834
1604,328.13774802050534
1605,12.277607217160579
1606,-208.74186721128342
1607,-137.86866944678607
1608,168.41086536023334
1609,33.73593474627576
1610,14.55680964864085
1611,262.2028362284587
1612,-1212.0661621194354
1613,198.56337615869828
1614,359.7326104133205
1615,89.32937889183101
1616,460.85841713790535
1617,43.7414254557594
1618,1066.5417310093128
1619,-650.5217117716052
1620,-7.6520572998335155
1621,204.7848253457211
1622,-915.8572211078251
1623,827.0278934637415
1624,165.04414953869065
1625,-124.22914187091553
1626,911.0448232828359
1627,158.64440947475464
1628,484.64879392724134
1629,-58.6872520060769
1630,-1938.6186680124486
1631,-95.2444136222858
1632,180.3052350158165
1633,-431.81777388088926
1634,-1479.3464138804313
1635,-79.69198027169716
1636,-20.18133331719079
1637,279.8089665542337
1638,201.91785496975805
1639,3965.141462797735
1640,-477.4494175854753
1641,217.72479531929235
1642,-472.78570639840916
1643,-1352.8926593266867
1644,-227.10952942674788
1645,35.837477663960186
1646,296.45128805782235
1647,214.70314424400732
1648,-157.46322112366443
1649,156.4977432422449
1650,-359.26612544245387
1651,1357.7399892531168
1652,107.47939083150811
1653,146.81643726027457
1654,-177.17306100901942
1655,-173.54567258033853
1656,849.2924288147233
1657,-28.218993520557035
1658,213.90549726646987
1659,106.00122662681763
1660,-422.05237332818285
1661,-27.413943885989724
1662,18.03874483168609
1663,12043.603732134174
1664,523.633220867284
1665,4411.162912593686
1666,-414.69542544691956
1667,516.0523133235301
1668,2340.7110679542693
1669,-224.78696868107744
1670,-782.7819115423883
1671,-167.8297910480066
1672,17.6438047556979
1673,456.3703159992204
1674,-0.1277175864049127
1675,392.84837132315624
1676,684.79766358714
1677,833.3512923299398
1678,-20.827750286052222
1679,1741.5726775293451
1680,-371.12134185194503
1681,277.62239306614157
1682,499.0909705494955
1683,1267.1732044236398
1684,266.44355681059267
1685,-66.63361651991892
1686,-6.8915946583849745
1687,736.120660656706
1688,101.63823682841956
1689,164.67560523539035
1690,-674.3499713228321
1691,-1584.5681322156472
1692,192.8099501216566
1693,139.65224638945392
1694,-8797.670665795842
1695,-1947.4626503917925
1696,-1381.6932971747053
1697,-1401.3257163561082
1698,362.59714748375427
1699,2860.9649548662624
1700,-859.2310638223726
1701,-69.83763779839413
1702,-562.1121252086814
1703,2.3571674262469173
1704,-530.4427127607651
1705,-203.4134442574997
1706,-2220.1626976459816
1707,-4085.584277002058
1708,495.32116209362084
1709,1326.1536434080037
1710,1916.5034485427252
1711,-748.1595310535012
1712,2730.293266972211
1713,-900.7612097363025
1714,-3102.3092437272817
1715,4632.945101458164
1716,965.3317930833288
1717,204.20965204227582
1718,-111.09960907195364
1719,-190.36717423116505
1720,18.279496091256092
1721,1074.7514160575379
1722,-302.65752666049286
1723,908.9041409781136
1724,159.33788731195267
1725,397.36020953578105
1726,-306.1453314115048
1727,867.4223530551759
1728,-1312.6819349227972
1729,801.8328961739816
1730,-917.3116382939623
1731,1238.1918957000657
1732,-293.3067550709164
1733,367.95652806088214
1734,-16110.403254430326
1735,29507.662128395623
1736,16367.337475138918
1737,-5223.8751817315115
1738,-21642.632790668133
1739,49499.325201162
1740,-5803.579493607953
1741,-11706.238426656579
1742,63110.163441293946
1743,39899.21524445409
1744,11191.817888384961
1745,-6524.726378257948
1746,16116.178889473525
1747,-9621.672226672024
1748,-9501.035043523178
1749,23178.712179819526
1750,2526.092165373996
1751,33197.43664647536
1752,3886.3111800405422
1753,106737.92633728958
1754,12346.87867629123
1755,-406.83604355451973
1756,22647.734070570907
1757,-2652.408394681845
1758,-7836.100233656341
1759,955.7414139267694
1760,1040.0846939125056
1761,-8397.924742502206
1762,-726.2658663906159
1763,-287.91360114082596
1764,2415.9086885429333
1765,-2678.391772446505
1766,-672.4225393760128
1767,-1130.6704361376796
1768,297.3564231454656
1769,-2554.627295263853
1770,2833.2665702091067
1771,-1364.519143507511
1772,-1685.6696767150875
1773,1279.3222752651222
1774,2285.5739036153705
1775,-14210.249856400302
1776,1697.9384060564303
1777,-1523.2323338613205
1778,-244.4877274307263
1779,129.83280084715653
1780,-525.252967426101
1781,531.1822055684764
1782,-4233.005188837682
1783,1993.5673216901741
1784,-536.5113887467782
1785,2445.857483898657
1786,-2406.515580721284
1787,-785.6873177077321
1788,1956.976604957016
1789,11881.000575894413
1790,1691.3009069261768
1791,584.4948361353659
1792,188.23951628220723
1793,445.1664678638083
1794,485.5178272793454
1795,-1.667086594358409
1796,-110.18993936898025
1797,-732.5822746300119
1798,-4039.436168254925
1799,421.95151703661253
1800,1727.8561615363692
1801,35.380780446420985
1802,1206.9596531091267
1803,-3624.765040433984
1804,-1077.3595068149514
1805,11412.073858699025
1806,-134.48240659762618
1807,1081.9847315734337
1808,1451.3391913563262
1809,2886.729541131902
1810,90576.96497785141
1811,-6051.110568206733
1812,-727.4700650283723
1813,1459.305139900606
1814,-3166.9055610439336
1815,-1813.1544460302532
1816,-3159.020844725086
1817,1256.123946510412
1818,1914.114467379127
1819,721.4326105146204
1820,3597.102456270715
1821,1366.0191182235671
1822,1602.0258156998932
1823,540.6146430131977
1824,592.5612055371307
1825,6492.161297162328
1826,-79.3930112506034
1827,-1570.4642939207397
1828,-1600.93469792778
1829,-3463.287581600673
1830,1192.8048160980125
1831,10.934725220902763
1832,245.4250064220604
1833,396.7350570966734
1834,67.68953952705098
1835,815.056582357694
1836,-514.8423175316142
1837,-587.4910287429869
1838,-305.86903752888406
1839,-271.10033213682084
1840,1340.9669418681597
1841,557.2557406043986
1842,754.1819558965685
1843,446.2678287564615
1844,744.1375433769709
1845,142.8929502799731
1846,24.099352606970243
1847,-796.9761739531795
1848,-154.70850011230613
1849,-1005.180440619423
1850,-335.49546503264844
1851,-210.78513304120258
1852,217.6073927218771
1853,191.24810034136152
1854,-312.5758437800671
1855,-2327.6969529836438
1856,222.78382717184445
1857,323.33671173569246
1858,52.588902895231456
1859,-37.77728038315516
1860,501.89163205607395
1861,-750.1935282062265
1862,1181.4532546026717
1863,-346.94894344277174
1864,750.3582133040122
1865,131.94645470485307
1866,224.11648986156513
1867,110.9723964563214
1868,1352.661371529021
1869,922.139096372144
1870,182.59298542353528
1871,-82.91308257832927
1872,-126.63178371429024
1873,916.6448342910577
1874,224.09042409316964
1875,1041.1490125829068
1876,-596.4722262291912
1877,-987.3680694130062
1878,270.53233727153315
1879,464.88498722459906
1880,1.745991362001618
1881,-817.309916033727
1882,341.57558620996224
1883,-267.5451357738614
1884,-231.38503774272493
1885,-976.7065526964923
1886,-195.23341064554904
1887,370.4473257620552
1888,1989.48822390107
1889,5095.405533741316
1890,149.8986080910973
1891,-435.1931467166364
1892,38.26027626701271
1893,-70.67727320859709
1894,-2759.092483733998
1895,-541.0712612641443
1896,-139.0088104636934
1897,148.73024329426286
1898,1416.3423040748569
1899,1022.781106859492
1900,-46.20160536768822
1901,-176.70022014544202
1902,109.38734341529735
1903,-151.47331207212736
1904,422.28023382069216
1905,157.47352215251874
1906,-107.71895978904445
1907,670.2496044572425
1908,-296.8065841420609
1909,282.5913974002408
1910,14.28622758275499
1911,577.0439026651102
1912,87.10113621391758
1913,-83.42218524718425
1914,-49.91213196813436
1915,40.34471972001179
1916,47.70470815761764
1917,518.6613657353605
1918,384.0106118590335
1919,506.628382918871
1920,207.48853024352286
1921,-1193.6489748129075
1922,-895.4297788519261
1923,119.60894885922515
1924,-463.35387371421814
1925,-96.43721062167938
1926,107.07634937000701
1927,206.25437575272377
1928,149.12118971387466
1929,140.69476359116283
1930,562.5206754156387
1931,317.82253058037486
1932,-254.52724521276758
1933,-438.2918158863773
1934,3963.2705573859553
1935,1007.0149302530334
1936,-1209.2825210607116
1937,-3753.4922837934746
1938,115.98107063577544
1939,-216.25748542274977
1940,-1022.805540937745
1941,-21.768570261020017
1942,70.03234041065515
1943,-387.97694511268867
1944,309.9493044316456
1945,-321.60969194893266
1946,33.14170472390637
1947,1648.5708091723109
1948,671.6764936758718
1949,8.997754820796018
1950,-557.5094200191121
1951,630.6607606457912
1952,554.933445485583
1953,194.25556357169626
1954,813.7301481151889
1955,425.4595547301312
1956,-4000.572287709155
1957,1990.9015541231129
1958,1805.060058511093
1959,1288.710718675202
1960,-122.33777981745123
1961,793.8116256278458
1962,-235.019563906246
1963,4675.816242318881
1964,961.6024069080285
1965,-4071.988988017343
1966,199.89448329677276
1967,-18926.686628669282
1968,-3668.5185701587043
1969,452.6718760258969
1970,164.82381762325213
1971,271.7439300615729
1972,-758.0738418671596
1973,56.864662155047476
1974,-788.799268969872
1975,-778.8240865265171
1976,-92.90723710403583
1977,196.89592196895586
1978,-145.60155664995537
1979,-52.075259254409644
1980,319.95618892156017
1981,4942.320419720636
1982,-207.25661022253166
1983,1478.3473925389546
1984,-1248.0728801125827
1985,1730.2353964861147
1986,-444.84373214361824
1987,1909.7992033012933
1988,14.875538277476565
1989,-15782.655139219545
1990,1829.0716961490061
1991,28655.81865593951
1992,-5.8423226266169195
1993,-829.303202883218
1994,-1739.4085012593816
1995,1132.2056293579485
1996,1784.4658927190424
1997,1094.064158953728
1998,2989.4698764374616
1999,1477.6134837941077
2000,10505.172014555004
2001,575.9606673692974
2002,-17289.495318771595
2003,-2072.982263657521
2004,-2951.3915493007444
2005,726.390158401262
2006,1619.801975431784
2007,956.6232413166318
2008,1717.271565795093
2009,-36189.92305055759
2010,-17440.775775428996
2011,8467.462365210828
2012,-493.3859713801098
2013,-96503.51186001726
2014,109156.02258071683
2015,21598.228484419826
2016,-7166.984628976853
2017,-7802.237078695933
2018,23627.629805129036
2019,-4883.859844086635
2020,-103763.2688639681
2021,31400.200191222717
2022,-75184.05987377885
2023,4541.454496823887
2024,-6176.04850137611
2025,-12695.633079325382
2026,984.1085216903575
2027,-513.0872966852578
2028,5602.9760523034065
2029,-257607.37969462635
2030,7428.004262819498
2031,-24404.963211036138
2032,6817.103914053087
2033,3165.407870569471
2034,-1517.3640330790358
2035,11516.918067586781
2036,8613.85410317421
2037,-436.10750886338644
2038,-4524.009206820855
2039,-4586.844795527138
2040,-17749.713890444684
2041,10272.365642498145
2042,28765.5297713626
2043,-4699.452402757206
2044,27088.121362748858
2045,23118.127514175467
2046,3164.428423885639
2047,-2588.962076279224
2048,1171.0001859711151
2049,2415.1947973149545
2050,1100.77294170627
2051,-1041.5548721530063
2052,206.72742357840184
2053,-746.3564275748508
2054,-543.0083802934521
2055,3251.584804911524
2056,144.50452936443023
2057,729.4429540844884
2058,437.00415955980685
2059,-638.5722073373263
2060,-1737.6846696091081
2061,471.71499192210166
2062,283.5310742157294
2063,-538.6793931511097
2064,-558.4744281686103
2065,919.727190005565
2066,114.92238911351883
2067,493.166337575546
2068,-1370.6038564246267
2069,652.0427629607552
2070,-108.79660612844222
2071,17341.56380119611
2072,980.1533664252723
2073,-2611.258568255595
2074,-18630.602825550162
2075,-8421.801884894252
2076,2433.433282288387
2077,-5393.855014159088
2078,3644.4701887144392
2079,4892.639151063006
2080,3020.0117139647036
2081,15352.841480346533
2082,422.39412291748033
2083,-935.7544123863738
2084,3574.3684468295237
2085,-5495.921843632455
2086,-422.4388120352894
2087,-2.389847536876104
2088,528.0581702955126
2089,-694.294030780526
2090,6406.063384810948
2091,5309.516312349838
2092,831.6302627787853
2093,-8544.27293282535
2094,524.2807400661436
2095,296.11531281515033
2096,-6240.215164009643
2097,-23109.19046310386
2098,718.9726908376822
2099,4445.728543067149
2100,-5628.0675784105715
2101,876.366519904619
2102,-1907.550345164053
2103,-1005.3099715882499
2104,-1374.7255097391492
2105,-13641.467785377781
2106,-678.3696109314322
2107,-2986.470935365671
2108,209.3729097909356
2109,-733.7049090017837
2110,-170.60540524602197
2111,-1468.8540273978638
2112,959.2248443833157
2113,-2628.589026740156
2114,24.285518722270254
2115,-150.32807291984432
2116,7266.298829319143
2117,-733.5965510025665
2118,570.3638207679414
2119,201.0185314344546
2120,-4.120331405360929
2121,106.17981879608699
2122,47.381478365432926
2123,279.427703650285
2124,-95.43341030802557
2125,239.72996263438577
2126,102.4426716386043
2127,589.189632035223
2128,-234.19464203995318
2129,-203.69828431775466
2130,401.2420730796897
2131,57.14225544169716
2132,666.5371981871807
2133,10.712215625812945
2134,100.87113127900197
2135,303.6015787701368
2136,303.0583601550183
2137,28.42724459827039
2138,120.79420057404005
2139,-204.35624195921696
2140,3993.882987000279
2141,-667.4836388355411
2142,-339.61317194852256
2143,121.74827064078762
2144,287.2852508666711
2145,177.3915288762617
2146,167.93571331265463
2147,-1608.2670361057403
2148,-155.40546841543082
2149,46.60542479279467
2150,-238.4177501787945
2151,-1360.8886213287235
2152,31.0684349772676
2153,512.2260401882999
2154,-53.47659198468554
2155,3373.3339729701947
2156,7.0249790632246345
2157,822.1950659076019
2158,1112.7982012667053
2159,107.49657643088544
2160,502.3054000342703
2161,872.5946926915657
2162,297.1296271972644
2163,-66.74646034006426
2164,904.4650148646936
2165,-204.65362985196668
2166,215.40039634527807
2167,151.89837824910182
2168,498.20638275030484
2169,-86.53528239164339
2170,-1122.9803581593728
2171,178.43290552439214
2172,425.95910159737093
2173,-61.32070259636902
2174,742.0105204537311
2175,350.4628868728646
2176,157.0933671795804
2177,-176.90997629886772
2178,525.1816842660826
2179,-4610.074101953777
2180,76.45795390241697
2181,7549.745512067673
2182,167.2971383033734
2183,-59.77064351557044
2184,-15090.798040327127
2185,98.8576038514876
2186,667.2738097188766
2187,-847.5157014560419
2188,156.16615610567607
2189,36.669556439838836
2190,880.9386521769861
2191,75.10884437860182
2192,-612.1452666265895
2193,393.2152483231787
2194,339.22711496358147
2195,-283.17417929169244
2196,-26.701827687251594
2197,-2370.071598295915
2198,-76.46992384499973
2199,853.5034634541349
2200,11300.633332123283
2201,3640.636371869344
2202,-133.05325295509425
2203,207.10674064909531
2204,-138.16872906883452
2205,5609.796085928642
2206,-248.528430587461
2207,-153.90903003411748
2208,174.9319534146318
2209,4.181564416958793
2210,116.02999745723083
2211,-33.359148783838066
2212,663.3220923374504
2213,124.84230661691777
2214,240.07423390773474
2215,-31.425779446252534
2216,-367.98403078949946
2217,120.99072920387636
2218,482.1119493800609
2219,-83.76143644790199
2220,-395.19828439797504
2221,-167.89403684948707
2222,-799.6060800255567
2223,-783.1295814843324
2224,-255.12672930196737
2225,-398.33152635388245
2226,267.1348390277408
2227,-298.7836743171811
2228,225.2792962430015
2229,729.0598621878987
2230,249.83042031049138
2231,119.04349657065872
2232,114.77538580530846
2233,-413.19814658372513
2234,-3541.7414013635635
2235,351.1817514452279
2236,-95.48095283553508
2237,531.6685104629282
2238,332.16699567032543
2239,648.7048204454069
2240,493.35906579362
2241,558.2266890376516
2242,-3341.358324918049
2243,1747.393905571462
2244,-223.7548558125912
2245,-4671.5643377064725
2246,2171.3373967201655
2247,118.72982473938148
2248,764.2363328932936
2249,960.7023747217577
2250,-255.99255522392576
2251,383.8395744808374
2252,264.3199074023013
2253,-1350.1345959373905
2254,-25.767499744033785
2255,965.357120192866
2256,248.72459812568405
2257,-628.7278911850376
2258,523.8135858737432
2259,468.585814608956
2260,1149.9658911435706
2261,236.32826262239973
2262,211.64481025135413
2263,-21.18747582781549
2264,524.764399523438
2265,406.211301935637
2266,390.20477005043296
2267,-466.517476749402
2268,308.69328176751264
2269,-334.4311713673605
2270,536.234503676123
2271,-109.20621327934742
2272,280.5771938267232
2273,905.7868223853341
2274,656.5547757393227
2275,579.6642225696112
2276,3855.3461734703546
2277,4165.454050306353
2278,-1736.7937517650155
2279,-480.1087405603897
2280,1156.0134665229452
2281,1549.1594385504118
2282,-2114.8874930035095
2283,-605.0554616419514
2284,-3543.1184576103788
2285,-2588.615182295721
2286,4571.681479202019
2287,-4319.681314686375
2288,3348.5039863085935
2289,1394.2610761592375
2290,3413.4062908064393
2291,-367974.91573260014
2292,-5209.569424557658
2293,7848.9474107826045
2294,-16564.25649195717
2295,8410.581229269646
2296,-165688.47222514116
2297,-23726.284160085055
2298,106634.01706926372
2299,-3083.668979274357
2300,17246.64131666328
2301,-11773.642119266708
2302,20499.75281447242
2303,-28281.877924801865
2304,-6513.4277013565425
2305,-16691.459636675598
2306,1067.0775037674773
2307,2272.0937335408908
2308,-822.3830079147476
2309,-2574.2315926855013
2310,11472.474506901157
2311,4876.458674480856
2312,1020.1691181395902
2313,5760.232717959506
2314,-1160.9186344124807
2315,-4514.420271343721
2316,3769.521914807736
2317,801.2496307749756
2318,-594.8096419859806
2319,-8.163734567792133
2320,-3320.1566887615636
2321,27959.639120994387
2322,-1050.0224847560596
2323,1947.3728744712535
2324,2451.8007897767466
2325,-819.6797021478295
2326,1270.0848651567505
2327,727.151360723978
2328,423.47771234769993
2329,574.0978494461561
2330,-539.5186107323451
2331,-210.1242065139919
2332,-344.50470923547914
2333,1902.2846366655958
2334,1294.3585953342456
2335,901.257948587813
2336,1783.9439342388966
2337,-665.323225744495
2338,109.79360686852125
2339,15428.279182742794
2340,661.7766808106343
2341,3954.467688419869
2342,1583.9975255843906
2343,-659.6704213916049
2344,292.9876022267034
2345,-818.4856334761478
2346,-244.42733785832888
2347,85.2529444897784
2348,6258.7767309221
2349,1297.420746600272
2350,-505.6215999315597
2351,643.9207458968103
2352,-89.42684287889301
2353,854.2165437403867
2354,64.23566172922804
2355,372.6059881820069
2356,-1640.7188967936843
2357,-408.0729867821881
2358,167.40867113880557
2359,708.0980984785423
2360,19528.716245066476
2361,3915.7835839809495
2362,6758.24378226432
2363,-5024.396376459306
2364,-1612.1762051116234
2365,914.6511790847155
2366,173.67146992984692
2367,-724.0820310969708
2368,131.08426803084254
2369,-11043.24659605387
2370,-631.1837018255192
2371,334.13343365063133
2372,-19.300278906307852
2373,9987.736392719826
2374,-1082.6928939920451
2375,-3120.7026354736377
2376,-8323.631781990221
2377,231.6301573474422
2378,2109.624369379384
2379,-1774.332192062382
2380,-28323.596414046922
2381,572.3263677311625
2382,554.3646150324353
2383,812.5080075431862
2384,1326.6023814450773
2385,4602.456481839338
2386,-648.3871340139557
2387,-4978.132255935273
2388,-92.75746953133287
2389,694.1488192194281
2390,1550.7522706059708
2391,674.4001867637147
2392,171.05219418886128
2393,-340.00941735949925
2394,-3084.004862762233
2395,3050.526578072366
2396,136.26984553839105
2397,-1325.6742282413518
2398,-625.6139799103107
2399,-447.6740374592233
2400,-239.18782157511822
2401,527.364237853343
2402,1622.912649107485
2403,-49.44357847849608
2404,-468.61625355041997
2405,590.8925977083364
2406,-469.4672066375829
2407,-47.18956887444301
2408,-351.57959288455646
2409,-993.7246061677556
2410,43.101514763557006
2411,-439.2978135059619
2412,-243.37833009661642
2413,1173.9550073972548
2414,-354.5383783245998
2415,2.7589248021107267
2416,170.67955366530714
2417,175.02212387413843
2418,-981.7647453096627
2419,-652.5060569117275
2420,686.6454844801883
2421,1779.4969563060715
2422,13228.05733165211
2423,-176.5345627466632
2424,145.46007692756004
2425,-1.405086293305942
2426,903.7579332799121
2427,206.1167532450466
2428,-19.783746570392836
2429,-551.439391707812
2430,-1167.3768440129788
2431,60.17011974656785
2432,139.1896170979779
2433,-234.40471890929615
2434,268.3310583683993
2435,-195.35239204779168
2436,188.59987739597022
2437,24.69934039235426
2438,-180.59237179677865
2439,73.63438684655534
2440,298.7870824726631
2441,199.48326496204652
2442,312.4960360381603
2443,-201.29919635499766
2444,487.0103452145838
2445,-448.3543109050926
2446,478.74393411860234
2447,685.7770128549148
2448,536.0983491104911
2449,4119.975105968073
2450,-75.04640702894037
2451,621.3180153544014
2452,229.36219148606426
2453,232.09100991017695
2454,-70.79350550010318
2455,-261.5196347158235
2456,-914.4255659403427
2457,653.6573214476732
2458,385.8164123872539
2459,976.4404744266076
2460,691.2276227937101
2461,-373.8142107288277
2462,252.51719640567546
2463,70.53801994069212
2464,313.284321446053
2465,197.96717722832818
2466,131.51251209968
2467,87.2491658970585
2468,477.98138313294976
2469,-370.32274679856255
2470,507.4203185674005
2471,-826.01144476971
2472,-2097.4395527563574
2473,337.69830641306555
2474,136.18362490822204
2475,632.0525323746334
2476,725.1735092616369
2477,413.35940776017594
2478,-444.22697222949057
2479,-873.3661688071677
2480,7.011351383506195
2481,-62.213433200008836
2482,630.3638492956349
2483,-115.0595321505806
2484,288.6518227870114
2485,2698.80101011787
2486,262.41491696714564
2487,-29.777454515359466
2488,335.4830158711709
2489,-1307.3409869797824
2490,485.4628833511668
2491,-2621.9756014339455
2492,-133.47437830765898
2493,71.4049067669336
2494,-37.896108983609196
2495,252.59679356068122
2496,191.22577882043822
2497,345.16449734720663
2498,-133.739205723928
2499,-86.44182029642067
2500,182.36969830616937
2501,75.16315213588518
2502,243.0538885483011
2503,-32.408979207087754
2504,138.2906144882198
2505,49.56380547057915
2506,17.752419713982007
2507,228.50157351923167
2508,206.60700953681027
2509,1418.1911083447967
2510,418.8334414443658
2511,69.84979898929355
2512,-872.99981408161
2513,138.97834982646268
2514,487.7472602795827
2515,-3560.539513429603
2516,-3408.0943863654293
2517,288.53574414402215
2518,247.85924356515002
2519,1394.7183428451983
2520,250.8495903140793
2521,302.6064155049823
2522,1208.9931876380779
2523,94.163155409033
2524,322.5097226724931
2525,-1715.6565116933405
2526,146.16122673026896
2527,513.0557217400365
2528,353.1746024433393
2529,-1913.4477358504132
2530,-351.82662831717926
2531,878.1612519644098
2532,-174.90087354231997
2533,208.4393686767466
2534,-1704.0100463722893
2535,-1279.9473182749623
2536,228.17979776936045
2537,-105.4931774199948
2538,406.29384812341766
2539,368.3224250509427
2540,-13.545546420776361
2541,7.374677940824398
2542,95.9677372440076
2543,-625.5741352971961
2544,97.1027200753294
2545,183.42550193837081
2546,457.9555234102916
2547,-628.7988092823022
2548,1009.7530760005725
2549,2999.4691616020227
2550,558.0912246062572
2551,-614.1381149360624
2552,673.9621634951044
2553,1879.549366221598
2554,158.0642734994604
2555,241.560235164264
2556,-70.77043929065181
2557,1922.0741713430734
2558,228.778956510241
2559,49.25784406745585
2560,-542.1978297815725
2561,4449.845204866552
2562,679.1055041358667
2563,-2547.0449632077775
2564,1910.705942140989
2565,-1011.0306755445192
2566,1858.2071036934155
2567,84.31937490383972
2568,585.7460572708441
2569,937.00044137426
2570,238.97960858923832
2571,18179.933272322723
2572,-19750.422924168153
2573,-9875.31610141796
2574,14330.730987189287
2575,-13707.834760252064
2576,3758.7884971142244
2577,-9175.251446861103
2578,-43799.04494254876
2579,-8088.4683604241345
2580,8164.37171810139
2581,-34269.420493570266
2582,25410.388665108032
2583,878.7368309081287
2584,-5547.063408159865
2585,-2324.677502362029
2586,73.08279939758994
2587,-2682.0641721145985
2588,799.1035123543126
2589,-950.1101712240957
2590,-909.9785342338799
2591,-800.178990577702
2592,2400.357420953552
2593,2677.315669913693
2594,-712.397628213051
2595,29.909342799259193
2596,506.91754075872205
2597,-777.2955568624056
2598,-58.37053558043081
2599,688.6664568866065
2600,-3101.4794927900043
2601,-184.44459187500468
2602,1538.024710053467
2603,-15.217885848289143
2604,765.9297609961496
2605,-9498.443039098765
2606,-445.03962311731846
2607,1456.3926358125434
2608,221.4967794446656
2609,-4293.176769551677
2610,-5462.524098418131
2611,-331.13979581223384
2612,218.7130324175701
2613,-1045.6861541309147
2614,-3388.907073938444
2615,2214.391672965967
2616,-1529.6096618387967
2617,-1442.4364707800037
2618,-1657.3817728921945
2619,328.569506150369
2620,-380.33925389383415
2621,280.161289635775
2622,132.26100084668496
2623,-322.71301687472607
2624,-91.96529235035683
2625,1173.5899398409244
2626,11984.935876210375
2627,417.8542299380451
2628,-167.5899958840929
2629,92.05316794120766
2630,662.4300590395213
2631,-384.811881374317
2632,326.2969356251746
2633,297.5784940868854
2634,-456.0487711252026
2635,-8550.26069304512
2636,3933.7045205299555
2637,-209.3291710529548
2638,87.0555528507978
2639,222.48524607051652
2640,1679.2294477950845
2641,-25877.954114636064
2642,1797.8010769329312
2643,628.5680009827989
2644,-1266.8527734439208
2645,-4193.5822146412675
2646,-7121.357558901488
2647,793.8128953308068
2648,1258.7858913050397
2649,-621.8184226931289
2650,1220.4666711832474
2651,-16.407357151347696
2652,659.6802200344429
2653,-5543.889313717924
2654,-1159.6755588440212
2655,-17813.875896321126
2656,-1324.6981915860458
2657,-236.29103860722597
2658,-6390.195005281074
2659,-1266.6498124347806
2660,1354.522768187624
2661,2359.8660411010487
2662,15104.949380476091
2663,52.69748165900945
2664,-3402.73834891932
2665,937.4883531316765
2666,-2644.6092164453203
2667,5487.729313733192
2668,-53.978571589982124
2669,5174.832249383338
2670,21835.307963880416
2671,969.6185170277847
2672,155.87940846028224
2673,-14.657872424171202
2674,-25.75613956504054
2675,151.26182220942914
2676,521.2652758736544
2677,151.3744115387197
2678,244.2818664682698
2679,-9425.726375036984
2680,-198.22780403358217
2681,-88.41714744074972
2682,225.12680081113302
2683,920.4320832744596
2684,-166.37546218279215
2685,417.2053862899282
2686,212.49337309776723
2687,474.4532662052607
2688,117.56352437710493
2689,660.1353818597386
2690,-9.676741327870957
2691,-195.73479918493007
2692,154.95716161082208
2693,-293.7380620650989
2694,144.4459197574419
2695,-270.25520101899707
2696,21.115832929651674
2697,141.00824844261479
2698,-73.59359407227188
2699,4584.926391932074
2700,200.94760038872903
2701,161.3391610331966
2702,-148.69350432064303
2703,229.7684387828216
2704,-104.60698246235518
2705,218.01478115802894
2706,286.6452104588691
2707,-238.6846303680469
2708,106.5182831473686
2709,-114.85164136416137
2710,676.2145745689663
2711,204.16039130029463
2712,-127.52980853105745
2713,128.49998153012103
2714,633.309275236974
2715,59.32659222567019
2716,-7.152692728895673
2717,-131.9277394877214
2718,459.707547089885
2719,349.7611061636551
2720,-3.092090159875596
2721,29.056165764198468
2722,539.9314433145535
2723,1188.111822453953
2724,-88.63946942604329
2725,-145.3411593043068
2726,414.2524778802353
2727,408.0239178149687
2728,655.2409243320492
2729,323.8930974333882
2730,-2753.7859794108135
2731,3619.417698175769
2732,-357.67895070836636
2733,-33.17465153955615
2734,-34.62259585072158
2735,-232.83302157475475
2736,525.477942326741
2737,5.572821781603594
2738,806.7586022857048
2739,642.1554076001069
2740,793.9368056497218
2741,-44.08094178284966
2742,185.10728002913444
2743,450.3612703585222
2744,-263.2039979528612
2745,1238.3159567026128
2746,72.01736050742909
2747,592.5920566839509
2748,223.79671664961302
2749,343.8854418674994
2750,258.0741384834413
2751,371.20003378553497
2752,-785.9234833746096
2753,224.0449847019812
2754,37.91707272330661
2755,-201.31704311405827
2756,243.09070630094948
2757,75.618366371825
2758,220.96524728416844
2759,-337.1515310328996
2760,534.89142072344
2761,566.4873101833905
2762,773.2133293597988
2763,68.50794177441931
2764,10.9037363131429
2765,204.6687227706129
2766,77.93199510953873
2767,-1492.987011944653
2768,308.1598161553985
2769,129.95772667328538
2770,332.46192601837936
2771,257.7207396617854
2772,349.25703737827223
2773,-37.700084602632245
2774,222.20390379165494
2775,93.64274180990013
2776,660.2144225108456
2777,3160.0407513296127
2778,8.18102055838817
2779,203.82167510147087
2780,63.82256940033496
2781,81.960896699094
2782,145.72615689295526
2783,157.29692205722245
2784,-6633.288284874377
2785,-49.371698887126286
2786,-526.7798359925442
2787,-125.91551842882254
2788,78.91701840973647
2789,-27.96955798371046
